<?xml version="1.0" encoding="UTF-8" standalone="yes"?>
  <addon id="repository.arrownegra" name="[COLOR red]Arrow[/COLOR] [COLOR black]Negra[/COLOR] [COLORcyan]Repository[/COLOR]" version="1.9.0" provider-name="Flecha Negra">
  <requires>
    <import addon="xbmc.addon" version="12.0.0"/>
         
  </requires>
  <extension point="xbmc.addon.repository" name="[COLOR red]Arrow Negra [COLOR red]repositorio[/COLOR]">
      <info compressed="false">https://raw.githubusercontent.com/arrownegra/arrownegra.github.io/leia/main/addons.xml</info>
      <checksum>https://raw.githubusercontent.com/arrownegra/arrownegra.github.io/leia/main/addons.xml.md5</checksum>
      <datadir zip="true">https://raw.githubusercontent.com/arrownegra/arrownegra.github.io/leia/main</datadir>
   <dir minversion="18.9.1">
      <info compressed="false">https://raw.githubusercontent.com/arrownegra/arrownegra.github.io/main/addons.xml</info>
      <checksum>https://raw.githubusercontent.com/arrownegra/arrownegra.github.io/main/addons.xml.md5</checksum>
      <datadir zip="true">https://raw.githubusercontent.com/arrownegra/arrownegra.github.io/main</datadir>
  </dir>

  </extension>
  <extension point="xbmc.addon.metadata">
    <summary>repositorio Arrow Negra</summary>
    <description>repositorio oficial Arrow Negra - Proibido reproducao sem previa autorizacao</description>
    <disclaimer></disclaimer>
    <platform>all</platform>
    <assets>
      <icon>icon.png></icon>
      <fanart>fanart.jpg</fanart>
    </assets>
  </extension>
</addon>
