<?xml version="1.0" encoding="UTF-8" standalone="yes"?>
<addon id="plugin.video.arrownegra.play.tv" name="[COLORgrey]ArrowNegra[/COLOR] [COLORred]Play[/COLOR] [COLORcyan]Tv[/COLOR]" version="1.9.0.1" provider-name="by Flecha Negra">
	<requires>
		<import addon="xbmc.python" version="3.0.0"/>
		<import addon="script.module.requests"/>
	</requires>
	<extension point="xbmc.python.pluginsource" library="addon.py">
<provides>video</provides>
</extension>
<extension point="xbmc.addon.metadata">
<summary lang="en">ArrowNegra Play Tv</summary>
<description lang="en">Live TV channels</description>
<platform>all</platform>
<language>en</language>
<license>GPL-2.0-or-later</license>
<forum/>
		<email></email>
		<source></source>
		<news></news>
		<disclaimer lang="en">The author of this add-on does not host any of the content which is found and has no affiliation with any of the content providers. This add-on simply searches websites for content. Use at your own risk!</disclaimer>
		<assets>
			<icon>icon.png</icon>
			<fanart>fanart.jpg</fanart>
			<banner></banner>
			<clearlogo></clearlogo>
			<screenshot></screenshot>
		</assets>
	</extension>
</addon>