<?xml version="1.0" encoding="UTF-8" standalone="yes"?>
  <addon id="repository.arrownegra" name="[COLOR red]Arrow[/COLOR] [COLOR black]Negra[/COLOR] [COLORcyan]Repository[/COLOR]" version="2.8" provider-name="Flecha Negra">
  <requires>
    <import addon="xbmc.addon" version="12.0.0"/>
      <import addon="xbmc.python" version="2.1.0"/>
    <import addon="xbmc.addon" version="12.0.0"/>
        <import addon="script.module.simple.downloader" version="0.9.4"/>
        <import addon="script.module.t0mm0.common" version="2.0.0"/>
        <import addon="script.module.beautifulsoup4" />
        <import addon="script.module.requests" />
        <import addon="script.module.httplib2" />
        <import addon="script.module.simple.downloader" version="0.9.4"/>
        <import addon="plugin.video.youtube" version="5.2.1" />
        <import addon="script.module.urlresolver" />
        <import addon="script.module.simplejson" />    
        <import addon="script.module.livestreamer"/>
        <import addon="script.module.pyamf"/>
        <import addon="script.common.plugin.cache" version="2.5.2"/>
        <import addon="script.module.metahandler" version="2.5.1"/>
      <import addon="script.module.addon.common" />
      <import addon="script.module.addon.signals" version="0.0.1"/>
      <import addon="script.module.youtube.dl" optional="true"/>   
  </requires>
  <extension point="xbmc.addon.repository" name="[COLOR red]arrownegra [COLOR COLORcyan]repositorio[/COLOR]">
        <info compressed="false">https://raw.githubusercontent.com/arrownegra/leia/main/addons.xml</info>
      <checksum>https://raw.githubusercontent.com/arrownegra/leia/main/addons.xml.md5</checksum>
      <datadir zip="true">https://raw.githubusercontent.com/arrownegra/leia/main</datadir>
  </extension>
  <extension point="xbmc.addon.metadata">
    <summary>repositorio Arrow Negra</summary>
    <description>repositorio oficial Arrow Negra - Proibido reproducao sem previa autorizacao</description>
    <disclaimer></disclaimer>
    <platform>all</platform>
    <assets>
      <icon>icon.png</icon>
      <fanart>fanart.jpg</fanart>
    </assets>
  </extension>
</addon>
