<?xml version="1.0" encoding="UTF-8" standalone="yes"?>
<addon id="plugin.video.x-codes" name="[COLORmaroon]X[/COLOR]-[COLORlightgrey]CODES[/COLOR]" version="1.8.9" provider-name="FlechaNegra"> 
    <requires>
		<import addon="xbmc.python" version="2.1.0"/>
		<import addon="script.module.simplejson"/>
    </requires>
    <extension point="xbmc.python.pluginsource" library="default.py">
        <provides>video</provides>
    </extension>
	
	<extension point="xbmc.addon.metadata">
		<summary></summary>
		<description></description>
		<disclaimer></disclaimer>
        <platform>all</platform>
		<assets>
			<icon>icon.png</icon>
			<fanart>fanart.jpg</fanart>
		</assets>
		<news>
		</news>
	</extension>
</addon>