<?xml version="1.0" encoding="UTF-8" standalone="yes"?>
<addon id="repository.arrownegra" name="[COLOR red]Arrow[/COLOR] [COLOR black]Negra[/COLOR] [COLORcyan]Repository[/COLOR]" version="1.9.0" provider-name="Flecha Negra">
  <requires>
		<import addon="xbmc.addon" version="12.0.0"/>
         
  </requires>
  <extension point="xbmc.addon.repository" name="[COLOR red]Arrow Negra [COLOR red]repositorio[/COLOR]">
        <info compressed="false">https://github.com/arrownegra/main/addons.xml</info>
      <checksum>https://github.com/arrownegra/main/addons.xml.md5</checksum>
      <datadir zip="true">https://github.com/arrownegra/main</datadir>
        </dir>
  
  <dir minversion="16.0.0" maxversion="18.9.0">
      <info compressed="false">https://github.com/arrownegra/main/leia/addons.xml</info>
      <checksum>https://https://github.com/arrownegra/main/leia/addons.xml.md5</checksum>
      <datadir zip="true">https://github.com/arrownegra/main/leia</datadir>
      <hashes>false</hashes>
    </dir>
   
   <dir minversion="18.9.1">
      <info compressed="false">https://github.com/arrownegra/main/matrix/addons.xml</info>
      <checksum>https://github.com/arrownegra/main/matrix/addons.xml.md5</checksum>
      <datadir zip="true">https://github.com/arrownegra/main/matrix</datadir>
      <hashes>false</hashes>
    </dir>
    
  </extension>
  <extension point="xbmc.addon.metadata">
    <summary>repositorio Arrow Negra</summary>
    <description>repositorio oficial Arrow Negra - Proibido reproducao sem previa autorizacao</description>
    <disclaimer></disclaimer>
    <platform>all</platform>
    <news></news>
  </extension>
</addon>