<?xml version="1.0" encoding="UTF-8"?>
<addon id="plugin.video.gdrive" version="0.8.66" name="gDrive" provider-name="ddurdle">
	<requires>
		<import addon="xbmc.python" version="3.0.0"/>
	</requires>
	<extension point="xbmc.python.pluginsource" library="default.py">
		<provides>video programs</provides>
	</extension>
	<extension point="xbmc.addon.metadata">
		<summary>Watch videos from your Google Drive account</summary>
		<description>Plays videos from your Google Drive account. Not affiliated with Google.</description>
		<platform>all</platform>
		<assets>
			<icon>icon.png</icon>
			<fanart>fanart.jpg</fanart>
		</assets>
	</extension>
	<extension point="xbmc.service" library="service.py" start="login">
	</extension>
</addon>
