<?xml version="1.0" encoding="UTF-8" standalone="yes"?>
<addon id="plugin.video.x-codes" name="[COLOR maroon]X[/COLOR]-[COLOR lightgrey]CODES[/COLOR]" version="1.9.1+matrix.1" provider-name="FlechaNegra"> 
    <requires>
		<import addon="xbmc.python" version="3.0.0"/>
		<import addon="script.module.simplejson"/>
    </requires>
    <extension point="xbmc.python.pluginsource" library="default.py">
        <provides>video</provides>
    </extension>
	<extension point="xbmc.addon.metadata">
        <platform>all</platform>
		<assets>
			<icon>icon.png</icon>
			<fanart>fanart.jpg</fanart>
		</assets>
	</extension>
</addon>