<?xml version="1.0" encoding="UTF-8" standalone="yes"?>
<addon id="script.module.m3u8" name="m3u8" version="0.2.10" provider-name="globocom, Timewasted">
	<requires>
        <import addon="xbmc.python" version="2.14.0"/>
        <import addon="script.module.iso8601" version="0.1.11"/>
	</requires>
	<extension point="xbmc.python.module" library="lib"/>
	<extension point="xbmc.addon.metadata">
		<summary lang="en">Python m3u8 Parser for HTTP Live Streaming (HLS) Transmissions</summary>
		<description lang="en">Packed for XBMC from https://github.com/globocom/m3u8</description>
		<language>en</language>
		<platform>all</platform>
		<license>MIT</license>
		<forum></forum>
		<website>https://github.com/globocom/m3u8</website>
		<source>https://github.com/timewasted/script.module.m3u8</source>
		<email>ryan@timewasted.me</email>
	</extension>
</addon>
